<?xml version="1.0" encoding="utf-8" ?>
<Defs>


<AlienRace.RaceSettings>
    <defName>Frijjid_Settings</defName>
    <pawnKindSettings>
            <alienslavekinds>
                <li>
                    <kindDefs>
                        <li>FrijjidSlave</li>
                    </kindDefs>
                    <chance>40.0</chance>
                </li>
            </alienslavekinds>
            <alienrefugeekinds>
                <li>
                    <kindDefs>
                        <li>FrijjidRefugee</li>
                    </kindDefs>
                    <chance>50.0</chance>
                </li>
            </alienrefugeekinds>
			<startingColonists>
				<li>
				<pawnKindEntries>
					<li>
                    <kindDefs>
                        <li>FrijjidStalker</li>
						<li>FrijjidAgent</li>
						<li>FrijjidAssassin</li>
						<li>FrijjidColonist</li>
                    </kindDefs>
                    <chance>10.0</chance>
					</li>
				</pawnKindEntries>
					<factionDefs>
						<li>FrijjidPlayerColony</li> 
					</factionDefs>
				</li>
			</startingColonists>
            <alienwandererkinds>
                <li>
                    <pawnKindEntries>
                        <li>
                            <kindDefs>
                                <li>FrijjidStalker</li>
								<li>FrijjidAgent</li>
								<li>FrijjidColonist</li>
								<li>FrijjidAssassin</li>
								<li>FrijjidKeeper</li>
								<li>FrijjidSoldier</li>
                            </kindDefs>
                            <chance>50.0</chance>
                        </li>
                    </pawnKindEntries>
                    <factionDefs>
                        <li>FrijjidPlayerColony</li> 
                    </factionDefs>
                </li>
            </alienwandererkinds>
        </pawnKindSettings>
  </AlienRace.RaceSettings>



<AlienRace.ThingDef_AlienRace ParentName="BasePawn">
    <defName>Alien_Frijjid</defName>
    <label>Frijjid</label>
    <description>A curious Fox race, known for their obsession with information and resistance to cold.</description>
    <alienRace>
        <generalSettings>
            <maleGenderProbability>0.5</maleGenderProbability>
            <immuneToAge>true</immuneToAge>
            <forcedRaceTraitEntries>
                <li>
                    <defName>NaturalMood</defName>
                    <degree>2</degree>
                    <chance>10</chance>
                </li>
                <li>
                    <defName>Beauty</defName>
                    <degree>2</degree>
                    <chance>20</chance>
                </li>
                <li>
                    <defName>Kind</defName>
					<chance>10</chance>
                </li>
            </forcedRaceTraitEntries>
            <alienPartGenerator>
                <aliencrowntypes>
                    <li>Average_Normal</li>
                </aliencrowntypes>
                <alienbodytypes>
                <li>Thin</li>
                <li>Male</li>
                <li>Female</li>
                </alienbodytypes>
                <alienskincolorgen Class="ColorGenerator_Options">
                    <options>
             <li>
                <weight>5</weight>
                <only>RGBA(1.0,1.0,1.0,1)</only>
            </li>
            <li>
                <weight>5</weight>
                <only>RGBA(0.5,0.5,0.5,1)</only>
            </li>
            <li>
                <weight>5</weight>
                <only>RGBA(0.3,0.3,0.3,1)</only>
            </li>
			<li>
                <weight>5</weight>
                <only>RGBA(0.27,0.27,0.29,1)</only>
            </li>
			<li>
                <weight>5</weight>
                <only>RGBA(0.9,0.9,0.91,1)</only>
            </li>
			<li>
                <weight>5</weight>
                <only>RGBA(0.749,0.792,0.807,1)</only>
            </li>
			<li>
                <weight>5</weight>
                <only>RGBA(0.95,0.96,0.98,1)</only>
            </li>
            <li>
                <weight>5</weight>
                <only>RGBA(0.7,0.7,0.75,1)</only>
            </li>
			<li>
                <weight>5</weight>
                <only>RGBA(0.8,0.81,0.81,1)</only>
            </li>
			<li>
                <weight>1</weight>
                <only>RGBA(0.25,0.25,0.28,1)</only>
            </li>
			<li>
				<weight>2</weight>
			    <min>RGBA(0.3,0.3,0.3,1)</min>
				<max>RGBA(0.9,0.9,0.9,1)</max>
			</li>
            </options>
            </alienskincolorgen>
            <bodyAddons>
            <li>
				<path>Things/Frijjid/Tails/F2Tail</path>
                <bodyPart>Tail</bodyPart>
                <useSkinColor>true</useSkinColor>
                <inFrontOfBody>false</inFrontOfBody>
                      <offsets>
                <south>
                                    <bodyTypes>
                                    <Male>(0,-0.22)</Male>
                                    <Female>(0,-0.22)</Female>
                                    <Fat>(0,-0.22)</Fat>
                                    <Thin>(0,-0.22)</Thin>
                                    </bodyTypes>
                </south>

                <north>
                                    <bodyTypes>
                                    <Male>(-0.02,-0.22)</Male>
                                    <Female>(-0.02,-0.22)</Female>
                                    <Fat>(-0.02,-0.22)</Fat>
                                    <Thin>(-0.02,-0.22)</Thin>
                                    </bodyTypes>
                </north>

                <east>
                                    <bodyTypes>
                                    <Male>(0.37,-0.36)</Male>
                                    <Female>(0.37,-0.3)</Female>
                                    <Fat>(0.39,-0.3)</Fat>
                                    <Thin>(0.36,-0.36)</Thin>
                                    </bodyTypes>
                </east>
                </offsets>
                <hediffGraphics>
                <BionicFennexTail>Things/Fennex/Tails/FTailBionic</BionicFennexTail>
                </hediffGraphics>
                </li>
            </bodyAddons>
            </alienPartGenerator>
			<chemicalSettings />	
            <humanRecipeImport>true</humanRecipeImport>
        </generalSettings>
        <graphicPaths>
            <li>
                <head>Things/Frijjid/Heads/</head>
            </li>
        </graphicPaths>
        <hairSettings>
            <hasHair>false</hasHair>
        </hairSettings>
        <relationSettings>
            <relationChanceModifierChild>1.1</relationChanceModifierChild>
            <relationChanceModifierExLover>1</relationChanceModifierExLover>
            <relationChanceModifierExSpouse>1</relationChanceModifierExSpouse>
            <relationChanceModifierFiance>1.1</relationChanceModifierFiance>
            <relationChanceModifierLover>1.05</relationChanceModifierLover>
            <relationChanceModifierParent>1</relationChanceModifierParent>
            <relationChanceModifierSibling>1</relationChanceModifierSibling>
            <relationChanceModifierSpouse>1.1</relationChanceModifierSpouse>
        </relationSettings>
		 <thoughtSettings>
    <cannotReceiveThoughts>
      <li>ObservedLayingCorpse</li>
      <li>ButcheredHumanlikeCorpse</li>
      <li>KnowButcheredHumanlikeCorpse</li>
      <li>AteHumanlikeMeatDirect</li>
      <li>AteHumanlikeMeatAsIngredient</li>
    </cannotReceiveThoughts>
	</thoughtSettings>
    </alienRace>
	<statBases>
      <MarketValue>2000</MarketValue>
      <MoveSpeed>4.92</MoveSpeed>
      <Flammability>0.3</Flammability>
      <ComfyTemperatureMin>-5</ComfyTemperatureMin>
      <ComfyTemperatureMax>26</ComfyTemperatureMax>
      <LeatherAmount>25</LeatherAmount>
	   <PsychicSensitivity>0.85</PsychicSensitivity>
	   <MiningSpeed>1.2</MiningSpeed>
	   <ConstructionSpeed>1.1</ConstructionSpeed>
       <AnimalGatherSpeed>1.1</AnimalGatherSpeed>
       <AnimalGatherYield>1.1</AnimalGatherYield>
    </statBases>
    <tools>
      <li>
        <label>left fist</label>
        <capacities>
          <li>Blunt</li>
        </capacities>
        <power>7</power>
        <cooldownTime>1.5</cooldownTime>
        <linkedBodyPartsGroup>LeftHand</linkedBodyPartsGroup>
        <surpriseAttack>
          <extraMeleeDamages>
            <li>
              <def>Stun</def>
              <amount>22</amount>
            </li>
          </extraMeleeDamages>
        </surpriseAttack>
      </li>
      <li>
        <label>right fist</label>
        <capacities>
          <li>Blunt</li>
        </capacities>
        <power>7</power>
        <cooldownTime>1.5</cooldownTime>
        <linkedBodyPartsGroup>RightHand</linkedBodyPartsGroup>
        <surpriseAttack>
          <extraMeleeDamages>
            <li>
              <def>Stun</def>
              <amount>22</amount>
            </li>
          </extraMeleeDamages>
        </surpriseAttack>
      </li>
      <li>
        <label>head</label>
        <capacities>
          <li>Blunt</li>
        </capacities>
        <power>5</power>
        <cooldownTime>1.6</cooldownTime>
        <linkedBodyPartsGroup>HeadAttackTool</linkedBodyPartsGroup>
        <chanceFactor>0.2</chanceFactor>
      </li>
    </tools>
    <race>
      <thinkTreeMain>Humanlike</thinkTreeMain>
      <thinkTreeConstant>HumanlikeConstant</thinkTreeConstant>
      <intelligence>Humanlike</intelligence>
      <makesFootprints>true</makesFootprints>
      <lifeExpectancy>1250</lifeExpectancy>
      <leatherDef>Leather_frij</leatherDef>
      <nameGenerator>NamerPersonFennexMale</nameGenerator>
       <nameGeneratorFemale>NamerPersonFennexFemale</nameGeneratorFemale>
      <body>Fennex</body>
      <bloodDef>FilthBloodFennex</bloodDef>	
      <meatColor>(0, 0, 128)</meatColor>
      <baseBodySize>1</baseBodySize>
      <baseHealthScale>1.1</baseHealthScale>
      <foodType>OmnivoreHuman</foodType>
      <gestationPeriodDays>45</gestationPeriodDays>
      <litterSizeCurve>
        <points>
          <li>(0.5, 0)</li>
          <li>(1, 1)</li>
          <li>(1.01, 0.02)</li>
          <li>(3.5, 0)</li>
        </points>
      </litterSizeCurve>
      <lifeStageAges>
        <li>
          <def>BabyStageFennex</def>
          <minAge>0</minAge>
        </li>
        <li>
          <def>ChildStageFennex</def>
          <minAge>4</minAge>
        </li>
		<li>
          <def>TeenStageFennex</def>
          <minAge>13</minAge>
        </li>
        <li>
          <def>AdultStageFennex</def>
          <minAge>18</minAge>
        </li>
        <li>
          <def>ElderStageFennex</def>
          <minAge>250</minAge>
        </li>
        <li>
          <def>AncestorStageFennex</def>
          <minAge>650</minAge>
        </li>
        <li>
            <def>ProgenitorStageFennex</def>
            <minAge>1000</minAge>
        </li>
      </lifeStageAges>
      <soundMeleeHitPawn>Pawn_Melee_Punch_HitPawn</soundMeleeHitPawn>
      <soundMeleeHitBuilding>Pawn_Melee_Punch_HitBuilding</soundMeleeHitBuilding>
      <soundMeleeMiss>Pawn_Melee_Punch_Miss</soundMeleeMiss>
      <specialShadowData>
        <volume>(0.3, 0.8, 0.4)</volume>
        <offset>(0,0,-0.3)</offset>
      </specialShadowData>
      <ageGenerationCurve>
        <points>
            <li>(16,0)</li>
            <li>(17,200)</li>
            <li>(20,100)</li>
            <li>(30,100)</li>
            <li>(40,20)</li>
            <li>(50,10)</li>
			<li>(120,1)</li>
			<li>(900,1)</li>
            <li>(1000,0)</li>
        </points>
      </ageGenerationCurve>
      <hediffGiverSets>
        <li>OrganicAgeless</li>
      </hediffGiverSets>
    </race>
    <recipes>
       <li>InstallArchotechEye</li>
      <li>InstallArchotechArm</li>
      <li>InstallArchotechLeg</li>
      <li>InstallPowerClaw</li>
      <li>InstallBionicEye</li>
      <li>InstallBionicArm</li>
      <li>InstallBionicLeg</li>
      <li>InstallBionicSpine</li>
      <li>InstallBionicHeart</li>
      <li>InstallBionicStomach</li>
      <li>InstallBionicEar</li>
      <li>InstallSimpleProstheticArm</li>
      <li>InstallSimpleProstheticLeg</li>
      <li>InstallSimpleProstheticHeart</li>
      <li>InstallCochlearImplant</li>
      <li>InstallPegLeg</li>
      <li>InstallDenture</li>
      <li>InstallJoywire</li>
      <li>InstallPainstopper</li>
      <li>InstallNaturalHeart</li>
      <li>InstallNaturalLung</li>
      <li>InstallNaturalKidney</li>
      <li>InstallNaturalLiver</li>
      <li>ExciseCarcinoma</li>
      <li>RemoveBodyPart</li>
      <li>Euthanize</li>
      <li>Anesthetize</li>
    </recipes>
</AlienRace.ThingDef_AlienRace>

</Defs>